City_ID,City,Country,Date,Lat,Lng,Max Temp,Humidity,Cloudiness,Wind Speed
0,Victoria,HK,2022-07-13 21:54:47,22.2855,114.1577,85.17,87,47,1.01
1,Khatanga,RU,2022-07-13 21:56:18,71.9667,102.5,43.59,82,100,8.84
2,Rikitea,PF,2022-07-13 21:56:18,-23.1203,-134.9692,72.79,79,89,9.26
3,Alofi,NU,2022-07-13 21:56:19,-19.0595,-169.9187,80.49,69,46,16.11
4,Ushuaia,AR,2022-07-13 21:51:59,-54.8,-68.3,35.26,64,75,5.75
5,Punta Arenas,CL,2022-07-13 21:55:49,-53.15,-70.9167,37.51,81,75,18.41
6,Albany,US,2022-07-13 21:56:19,42.6001,-73.9662,82.63,48,74,6.6
7,Castro,BR,2022-07-13 21:56:20,-24.7911,-50.0119,53.53,95,98,8.9
8,Mataura,NZ,2022-07-13 21:56:20,-46.1927,168.8643,42.48,98,100,3.83
9,Moree,AU,2022-07-13 21:56:20,-29.4667,149.85,41.47,81,0,13.87
10,Broome,US,2022-07-13 21:56:20,42.2506,-75.833,76.64,74,26,3.0
11,Natal,BR,2022-07-13 21:56:02,-5.795,-35.2094,80.82,78,75,12.66
12,Mocuba,MZ,2022-07-13 21:56:21,-16.8392,36.9856,62.82,87,26,0.69
13,Puerto Ayora,EC,2022-07-13 21:56:21,-0.7393,-90.3518,75.16,85,43,4.0
14,Qaanaaq,GL,2022-07-13 21:56:22,77.484,-69.3632,38.84,96,100,5.68
15,Geraldton,AU,2022-07-13 21:56:22,-28.7667,114.6,57.61,94,4,10.36
16,Tessalit,ML,2022-07-13 21:56:22,20.1986,1.0114,94.57,22,28,7.38
17,Saskylakh,RU,2022-07-13 21:56:22,71.9167,114.0833,46.69,61,99,10.27
18,Bac Lieu,VN,2022-07-13 21:56:23,9.285,105.7244,75.22,94,100,8.66
19,Yellowknife,CA,2022-07-13 21:56:23,62.456,-114.3525,68.52,56,75,8.05
20,Ponta Do Sol,PT,2022-07-13 21:56:23,32.6667,-17.1,72.01,77,12,3.85
21,Galesong,ID,2022-07-13 21:56:24,-5.3166,119.3661,75.22,88,99,9.31
22,Hilo,US,2022-07-13 21:56:24,19.7297,-155.09,81.28,100,66,11.99
23,Bullhead City,US,2022-07-13 21:56:24,35.1478,-114.5683,115.02,13,40,13.8
24,Cidreira,BR,2022-07-13 21:56:24,-30.1811,-50.2056,57.04,76,0,19.01
25,Mokhotlong,LS,2022-07-13 21:56:25,-29.2894,29.0675,35.58,59,0,3.91
26,Gawler,AU,2022-07-13 21:56:25,-34.6,138.7333,47.71,91,0,3.56
27,Butaritari,KI,2022-07-13 21:56:25,3.0707,172.7902,82.54,77,72,17.07
28,Torbay,CA,2022-07-13 21:56:26,47.6666,-52.7314,74.17,50,40,20.71
29,Hualmay,PE,2022-07-13 21:56:26,-11.0964,-77.6139,63.59,76,15,11.59
30,Road Town,VG,2022-07-13 21:56:26,18.4167,-64.6167,84.24,65,20,8.05
31,Mahibadhoo,MV,2022-07-13 21:56:26,3.7833,72.9667,82.8,74,92,11.36
32,Severo-Kurilsk,RU,2022-07-13 21:56:27,50.6789,156.125,54.45,95,100,1.14
33,Port Alfred,ZA,2022-07-13 21:56:27,-33.5906,26.891,56.66,81,0,11.65
34,New Norfolk,AU,2022-07-13 21:51:49,-42.7826,147.0587,39.7,86,75,1.99
35,Shimoda,JP,2022-07-13 21:56:27,34.6667,138.95,73.11,92,100,11.34
36,Nemuro,JP,2022-07-13 21:56:28,43.3236,145.575,60.17,94,96,7.87
37,Hay River,CA,2022-07-13 21:56:28,60.8156,-115.7999,69.78,35,75,14.97
38,Bandarbeyla,SO,2022-07-13 21:56:28,9.4942,50.8122,76.35,84,74,29.93
39,Qaqortoq,GL,2022-07-13 21:56:29,60.7167,-46.0333,45.16,79,100,5.66
40,Atuona,PF,2022-07-13 21:56:29,-9.8,-139.0333,78.13,73,26,19.04
41,Oussouye,SN,2022-07-13 21:56:29,12.485,-16.5469,80.69,86,100,7.23
42,Avera,US,2022-07-13 21:54:15,33.194,-82.5271,84.38,79,100,10.76
43,Codrington,AU,2022-07-13 21:52:03,-38.2667,141.9667,43.95,90,49,6.15
44,Zhigansk,RU,2022-07-13 21:57:30,66.7697,123.3711,63.45,77,95,8.3
45,Atambua,ID,2022-07-13 21:57:30,-9.1061,124.8925,65.84,81,59,6.87
46,Hobart,AU,2022-07-13 21:52:40,-42.8794,147.3294,40.05,90,75,9.22
47,Kavieng,PG,2022-07-13 21:57:30,-2.5744,150.7967,81.68,77,100,5.5
48,Northallerton,GB,2022-07-13 21:57:31,54.339,-1.4324,58.62,72,75,5.75
49,Pacific Grove,US,2022-07-13 21:53:27,36.6177,-121.9166,77.38,69,0,9.22
50,Voh,NC,2022-07-13 21:57:31,-20.9667,164.7,70.5,78,95,8.88
51,Kashi,CN,2022-07-13 21:57:31,39.4547,75.9797,67.21,59,75,6.71
52,Jutai,BR,2022-07-13 21:57:32,-5.1833,-68.9,81.16,73,72,1.92
53,Bredasdorp,ZA,2022-07-13 21:57:32,-34.5322,20.0403,59.56,72,100,18.75
54,Boda,CF,2022-07-13 21:57:32,4.3189,17.4695,69.78,95,98,0.89
55,San Patricio,US,2022-07-13 21:57:32,28.017,-97.5169,98.55,38,16,16.13
56,Cape Town,ZA,2022-07-13 21:57:02,-33.9258,18.4232,58.37,91,100,14.97
57,Enshi,CN,2022-07-13 21:57:33,30.3,109.4833,74.55,95,100,0.4
58,Norman Wells,CA,2022-07-13 21:57:33,65.282,-126.8329,55.44,82,100,11.5
59,Bowen,AU,2022-07-13 21:57:33,-20.0167,148.2333,52.83,60,0,5.5
60,Mahebourg,MU,2022-07-13 21:57:34,-20.4081,57.7,70.09,78,75,11.5
61,Gambela,ET,2022-07-13 21:57:34,8.25,34.5833,69.96,89,100,4.03
62,Bethel,US,2022-07-13 21:55:04,41.3712,-73.414,90.18,57,53,5.7
63,Benton Harbor,US,2022-07-13 21:54:52,42.1167,-86.4542,76.32,77,75,9.22
64,Jamestown,US,2022-07-13 21:57:34,42.097,-79.2353,75.02,58,24,1.99
65,Les Cayes,HT,2022-07-13 21:57:35,18.2,-73.75,84.09,68,30,9.33
66,Meulaboh,ID,2022-07-13 21:57:35,4.1363,96.1285,76.42,90,85,6.46
67,Busselton,AU,2022-07-13 21:57:35,-33.65,115.3333,61.61,80,35,17.05
68,Maragogi,BR,2022-07-13 21:57:26,-9.0122,-35.2225,75.52,79,45,10.02
69,Tuy Hoa,VN,2022-07-13 21:57:36,13.0833,109.3,76.46,89,100,10.92
70,Nome,US,2022-07-13 21:54:53,64.5011,-165.4064,64.17,67,100,8.63
71,Rosarito,MX,2022-07-13 21:57:36,32.3333,-117.0333,87.64,66,99,12.88
72,Hervey Bay,AU,2022-07-13 21:57:36,-25.2986,152.8535,52.18,68,0,19.46
73,Luderitz,NA,2022-07-13 21:57:37,-26.6481,15.1594,56.16,62,0,16.22
74,Ust-Nera,RU,2022-07-13 21:57:37,64.5667,143.2,65.57,81,99,3.62
75,Tabriz,IR,2022-07-13 21:57:37,38.08,46.2919,80.06,26,20,20.71
76,Seoul,KR,2022-07-13 21:54:17,37.5683,126.9778,74.59,97,75,4.61
77,Touros,BR,2022-07-13 21:57:37,-5.1989,-35.4608,76.35,84,41,13.22
78,Najran,SA,2022-07-13 21:57:38,17.4924,44.1277,75.85,35,100,1.59
79,San Quintin,MX,2022-07-13 21:57:38,30.4833,-115.95,71.4,68,95,16.58
80,Arraial Do Cabo,BR,2022-07-13 21:54:08,-22.9661,-42.0278,71.56,88,40,8.05
81,Lagoa,PT,2022-07-13 21:57:38,39.05,-27.9833,68.58,93,67,15.37
82,Narsaq,GL,2022-07-13 21:57:39,60.9167,-46.05,46.42,74,100,4.32
83,Coquimbo,CL,2022-07-13 21:57:39,-29.9533,-71.3436,55.13,94,100,13.8
84,Kamenka,RU,2022-07-13 21:57:39,51.3223,42.7678,60.93,94,73,6.29
85,Natchez,US,2022-07-13 21:57:40,31.5604,-91.4032,92.25,46,82,3.02
86,Vaini,TO,2022-07-13 21:57:40,-21.2,-175.2,78.96,89,40,13.8
87,Mucurapo,TT,2022-07-13 21:57:40,10.6667,-61.5333,86.05,79,66,10.83
88,Mingaora,PK,2022-07-13 21:57:40,34.7758,72.3625,69.75,91,89,8.46
89,Omboue,GA,2022-07-13 21:57:41,-1.5746,9.2618,70.81,89,9,5.44
90,Lebu,CL,2022-07-13 21:57:41,-37.6167,-73.65,44.96,78,100,0.45
91,Botshabelo,ZA,2022-07-13 21:57:41,-29.2702,26.7052,34.97,41,0,2.91
92,Puerto Leguizamo,CO,2022-07-13 21:58:42,-0.1934,-74.7819,78.31,93,86,0.72
93,Nikolskoye,RU,2022-07-13 21:58:42,59.7035,30.7861,67.8,69,51,4.36
94,Goderich,CA,2022-07-13 21:58:42,43.7501,-81.7165,69.91,64,67,5.75
95,Yumen,CN,2022-07-13 21:58:43,40.2833,97.2,70.43,35,64,7.9
96,Bluff,NZ,2022-07-13 21:58:43,-46.6,168.3333,42.8,78,97,10.11
97,Fort Nelson,CA,2022-07-13 21:58:43,58.8053,-122.7002,62.19,45,75,5.75
98,Cherskiy,RU,2022-07-13 21:58:43,68.75,161.3,48.99,51,87,15.61
99,Olafsvik,IS,2022-07-13 21:58:44,64.8945,-23.7142,49.15,80,100,11.34
100,Vaitape,PF,2022-07-13 21:54:30,-16.5167,-151.75,78.48,72,20,19.06
101,Matagami,CA,2022-07-13 21:58:44,49.7502,-77.6328,69.91,52,75,14.97
102,Dikson,RU,2022-07-13 21:58:45,73.5069,80.5464,43.92,74,100,8.39
103,Sambava,MG,2022-07-13 21:58:45,-14.2667,50.1667,67.82,88,23,10.27
104,Mar Del Plata,AR,2022-07-13 21:58:45,-38.0023,-57.5575,55.87,64,0,11.01
105,Manggar,ID,2022-07-13 21:58:45,-2.8833,108.2667,80.29,82,97,4.72
106,Klaksvik,FO,2022-07-13 21:58:46,62.2266,-6.589,47.32,75,80,6.67
107,Fortuna,US,2022-07-13 21:58:46,40.5982,-124.1573,67.86,73,75,4.0
108,Leningradskiy,RU,2022-07-13 21:58:46,69.3833,178.4167,41.18,71,88,8.68
109,Kahului,US,2022-07-13 21:58:47,20.8947,-156.47,81.84,86,32,18.99
110,Aldan,RU,2022-07-13 21:58:47,58.6031,125.3894,60.49,91,100,4.74
111,Lata,PT,2022-07-13 21:58:47,40.1629,-8.3327,83.07,34,79,3.49
112,Soanierana Ivongo,MG,2022-07-13 21:58:47,-16.9167,49.5833,66.34,91,74,5.26
113,Half Moon Bay,US,2022-07-13 21:58:48,37.4636,-122.4286,86.54,66,75,5.75
114,Lompoc,US,2022-07-13 21:58:48,34.6391,-120.4579,88.02,69,3,10.0
115,Vila Franca Do Campo,PT,2022-07-13 21:58:48,37.7167,-25.4333,69.19,87,76,11.14
116,Dauphin,CA,2022-07-13 21:58:49,51.1494,-100.0502,84.34,45,20,6.91
117,Kapaa,US,2022-07-13 21:58:49,22.0752,-159.319,84.18,75,7,5.99
118,Grand Gaube,MU,2022-07-13 21:58:49,-20.0064,57.6608,70.2,85,72,5.01
119,Saint-Philippe,RE,2022-07-13 21:58:50,-21.3585,55.7679,65.79,77,31,10.31
120,Trojes,AL,2022-07-13 21:58:50,41.756,19.962,64.56,62,0,7.4
121,Alyangula,AU,2022-07-13 21:58:50,-13.8483,136.4192,67.78,59,52,16.96
122,Svetlaya,RU,2022-07-13 21:58:50,46.5389,138.3297,62.6,99,100,5.23
123,Porto Santo,PT,2022-07-13 21:56:23,33.072,-16.3415,68.38,73,20,2.3
124,Xihua,CN,2022-07-13 21:58:51,33.7833,114.5167,79.05,92,86,3.27
125,Carnarvon,AU,2022-07-13 21:58:51,-24.8667,113.6333,66.74,82,21,8.55
126,Presidente Dutra,BR,2022-07-13 21:56:37,-5.29,-44.49,80.91,47,79,2.62
127,Constitucion,CL,2022-07-13 21:58:51,-35.3333,-72.4167,48.65,93,100,8.79
128,Antibes,FR,2022-07-13 21:58:52,43.5624,7.1278,81.99,67,0,4.61
129,Coihaique,CL,2022-07-13 21:54:02,-45.5752,-72.0662,33.75,80,100,3.44
130,Port Lincoln,AU,2022-07-13 21:58:52,-34.7333,135.8667,50.02,79,3,4.81
131,Warrnambool,AU,2022-07-13 21:58:52,-38.3833,142.4833,47.8,78,99,6.44
132,Pauini,BR,2022-07-13 21:58:53,-7.7136,-66.9764,81.28,68,100,2.33
133,Upernavik,GL,2022-07-13 21:58:53,72.7868,-56.1549,41.72,86,18,11.79
134,Puerto Escondido,MX,2022-07-13 21:58:53,15.85,-97.0667,85.71,66,100,4.68
135,Rawson,AR,2022-07-13 21:58:53,-43.3002,-65.1023,44.8,44,47,9.37
136,Tuktoyaktuk,CA,2022-07-13 21:58:54,69.4541,-133.0374,41.0,93,100,13.8
137,Korla,CN,2022-07-13 21:59:54,41.7597,86.1469,76.14,27,99,12.95
138,Yinchuan,CN,2022-07-13 21:59:54,38.4681,106.2731,77.4,63,52,3.11
139,Dunedin,NZ,2022-07-13 21:57:05,-45.8742,170.5036,48.79,87,100,10.0
140,Krasnoselkup,RU,2022-07-13 21:59:55,65.7,82.4667,53.6,59,100,9.1
141,Hermanus,ZA,2022-07-13 21:59:55,-34.4187,19.2345,61.81,82,100,19.33
142,Shakawe,BW,2022-07-13 21:59:55,-18.3667,21.85,56.64,42,0,4.92
143,Tura,IN,2022-07-13 21:59:56,25.5198,90.2201,74.88,98,91,2.71
144,Egvekinot,RU,2022-07-13 21:59:56,66.3167,-179.1667,48.36,80,97,4.38
145,Yoichi,JP,2022-07-13 21:59:56,43.2039,140.7703,71.15,82,93,3.78
146,Beloha,MG,2022-07-13 21:59:56,-25.1667,45.05,62.91,81,0,5.73
147,Sarkikaraagac,TR,2022-07-13 21:59:57,38.0794,31.3664,62.67,71,16,5.35
148,Auki,SB,2022-07-13 21:59:57,-8.7676,160.7034,80.89,67,8,3.13
149,Airai,TL,2022-07-13 21:59:57,-8.9266,125.4092,52.09,87,46,3.6
150,Ambon,ID,2022-07-13 21:59:58,-3.6954,128.1814,75.34,94,75,5.75
151,Kalianget,ID,2022-07-13 21:59:58,-7.05,113.9333,79.43,82,83,9.66
152,East London,ZA,2022-07-13 21:59:58,-33.0153,27.9116,59.4,76,0,6.69
153,Shingu,JP,2022-07-13 21:59:59,33.7333,135.9833,76.12,84,100,2.84
154,Hit,IQ,2022-07-13 21:59:59,33.6416,42.8251,91.0,16,0,12.91
155,Huarmey,PE,2022-07-13 21:59:59,-10.0681,-78.1522,65.32,74,17,11.77
156,Batagay-Alyta,RU,2022-07-13 22:00:00,67.8006,130.4114,57.38,67,96,3.85
157,Mogadishu,SO,2022-07-13 22:00:00,2.0371,45.3438,76.62,88,100,18.52
158,Saint-Francois,FR,2022-07-13 22:00:00,46.4154,3.9054,69.24,73,0,0.0
159,Pevek,RU,2022-07-13 22:00:01,69.7008,170.3133,36.54,87,99,6.15
160,Beringovskiy,RU,2022-07-13 22:00:01,63.05,179.3167,50.9,86,90,8.1
161,Bambanglipuro,ID,2022-07-13 22:00:02,-7.95,110.2833,75.31,91,100,6.22
162,Hasaki,JP,2022-07-13 22:00:02,35.7333,140.8333,73.8,89,95,13.65
163,Laguna,US,2022-07-13 22:00:03,38.421,-121.4238,94.14,37,0,8.05
164,Alanya,TR,2022-07-13 22:00:03,36.5438,31.9998,82.4,56,0,2.46
165,Skelleftea,SE,2022-07-13 22:00:04,64.7507,20.9528,62.96,82,100,2.3
166,Kemin,KG,2022-07-13 22:00:04,42.7846,75.6892,58.93,63,1,6.04
167,Avarua,CK,2022-07-13 22:00:05,-21.2078,-159.775,75.25,60,75,12.66
168,Faanui,PF,2022-07-13 22:00:05,-16.4833,-151.75,78.51,72,18,19.04
169,Klyuchi,RU,2022-07-13 22:00:06,52.2667,79.1667,59.0,78,100,5.01
170,Bratsk,RU,2022-07-13 21:59:20,56.1325,101.6142,54.09,98,100,5.17
171,Bratunac,BA,2022-07-13 22:00:07,44.1875,19.3394,60.75,55,0,4.41
172,Ribeira Grande,PT,2022-07-13 22:00:08,38.5167,-28.7,73.8,68,20,8.05
173,Yerofey Pavlovich,RU,2022-07-13 22:00:08,53.9667,121.9667,59.38,98,100,4.14
174,Phan Thiet,VN,2022-07-13 22:00:08,10.9333,108.1,75.72,91,100,9.91
175,Kruisfontein,ZA,2022-07-13 22:00:09,-34.0033,24.7314,51.89,65,0,9.26
176,Xiongzhou,CN,2022-07-13 22:00:09,25.1167,114.3,76.23,84,44,3.31
177,Harper,LR,2022-07-13 22:00:09,4.375,-7.7169,76.06,80,100,11.25
178,Pankrushikha,RU,2022-07-13 22:00:10,53.8319,80.3406,49.3,91,54,5.82
179,Kpandae,GH,2022-07-13 22:01:10,8.4689,-0.0113,73.27,94,97,6.53
180,Pangoa,PE,2022-07-13 22:01:11,-12.1167,-73.0,75.09,81,26,1.21
181,Liku,ID,2022-07-13 22:01:11,-0.7275,119.8922,75.15,94,100,2.42
182,George,ZA,2022-07-13 22:01:11,-33.963,22.4617,56.98,51,0,7.49
183,Juegang,CN,2022-07-13 22:01:11,32.3174,121.1855,82.94,78,99,6.2
184,Clyde River,CA,2022-07-13 22:01:12,70.4692,-68.5914,45.66,70,65,6.49
185,Chemin Grenier,MU,2022-07-13 22:01:12,-20.4872,57.4656,65.79,78,69,13.31
186,Thompson,CA,2022-07-13 22:01:12,55.7435,-97.8558,85.08,26,0,9.8
187,Kaitangata,NZ,2022-07-13 22:01:13,-46.2817,169.8464,44.15,88,100,7.99
188,Jasper,US,2022-07-13 21:56:23,37.2001,-94.3502,97.02,27,1,3.0
189,Mehamn,NO,2022-07-13 22:01:13,71.0357,27.8492,55.35,94,100,2.3
190,Pisco,PE,2022-07-13 22:01:13,-13.7,-76.2167,62.02,86,15,9.28
191,Raudeberg,NO,2022-07-13 22:01:14,61.9875,5.1352,52.47,90,100,10.11
192,Ankang,CN,2022-07-13 22:01:14,32.68,109.0172,79.05,93,100,1.68
193,Sola,VU,2022-07-13 22:01:14,-13.8833,167.55,81.14,65,12,11.27
194,Kokstad,ZA,2022-07-13 22:01:15,-30.5472,29.4241,46.08,40,0,5.53
195,Jackson,US,2022-07-13 21:57:36,42.4165,-122.8345,92.39,32,20,8.01
196,Santa Cruz,BO,2022-07-13 21:59:16,-17.8,-63.1667,75.25,53,75,20.71
197,Calama,CL,2022-07-13 22:00:14,-22.4667,-68.9333,50.27,29,76,11.43
198,Kenai,US,2022-07-13 22:01:15,60.5544,-151.2583,64.02,79,100,9.22
199,Zhicheng,CN,2022-07-13 22:01:15,30.2956,111.5047,81.32,81,100,2.77
200,Nyurba,RU,2022-07-13 22:01:16,63.2842,118.3319,59.32,77,100,2.8
201,Sergeyevka,KZ,2022-07-13 22:01:16,53.88,67.4158,62.24,79,17,1.68
202,Corning,US,2022-07-13 22:01:16,42.1428,-77.0547,75.18,88,81,5.93
203,Hithadhoo,MV,2022-07-13 22:01:17,-0.6,73.0833,83.46,73,97,12.86
204,Khartoum,SD,2022-07-13 21:59:21,15.5518,32.5324,91.49,38,100,8.1
205,Sinj,HR,2022-07-13 22:01:17,43.7036,16.6394,73.29,53,0,6.42
206,Yebaishou,CN,2022-07-13 22:01:17,41.3975,119.6408,68.65,68,1,5.3
207,Svetlyy Yar,RU,2022-07-13 22:01:18,48.4748,44.781,69.4,69,99,6.58
208,Rampur,IN,2022-07-13 22:01:18,28.8167,79.0333,88.2,57,96,7.11
209,Yanam,IN,2022-07-13 22:01:18,16.7333,82.2167,74.34,86,100,11.54
210,Ongwediva,NA,2022-07-13 22:01:18,-17.7833,15.7667,60.78,32,0,9.42
211,Tasiilaq,GL,2022-07-13 22:01:19,65.6145,-37.6368,40.17,81,20,4.25
212,Cururupu,BR,2022-07-13 22:01:19,-1.8283,-44.8683,75.06,94,98,3.53
213,Mahendragarh,IN,2022-07-13 22:01:19,28.2833,76.15,90.16,54,39,2.95
214,Burdur,TR,2022-07-13 22:01:20,37.7203,30.2908,70.5,53,0,25.32
215,Longyearbyen,SJ,2022-07-13 22:01:20,78.2186,15.6401,55.24,76,75,12.66
216,Jorpeland,NO,2022-07-13 22:01:20,59.0225,6.0408,55.72,88,97,15.01
217,Suicheng,CN,2022-07-13 22:01:21,33.8963,117.9331,80.26,91,99,1.77
218,Kodiak,US,2022-07-13 22:01:21,57.79,-152.4072,54.95,80,92,6.08
219,Pallasovka,RU,2022-07-13 22:01:21,50.05,46.8833,76.3,55,100,11.59
220,Trapani,IT,2022-07-13 22:01:21,37.8333,12.6667,75.27,67,0,5.14
221,Berlevag,NO,2022-07-13 22:01:22,70.8578,29.0864,58.8,98,97,15.93
222,Salalah,OM,2022-07-13 21:59:47,17.0151,54.0924,78.19,84,100,6.53
223,Barrow,US,2022-07-13 22:01:22,71.2906,-156.7887,42.82,61,100,13.8
224,Aykhal,RU,2022-07-13 22:01:22,66.0,111.5,47.59,79,55,7.16
225,Ramtek,IN,2022-07-13 22:01:23,21.4,79.3333,77.76,94,96,2.42
226,Walvis Bay,NA,2022-07-13 22:01:23,-22.9575,14.5053,54.09,68,0,10.87
227,Guerrero Negro,MX,2022-07-13 22:02:20,27.9769,-114.0611,74.44,59,13,17.52
228,Hofn,IS,2022-07-13 22:02:23,64.2539,-15.2082,50.74,83,32,8.72
229,Ushtobe,KZ,2022-07-13 22:02:24,45.2514,77.9838,67.03,35,0,11.48
230,Progreso,MX,2022-07-13 22:02:24,21.2833,-89.6667,88.11,71,100,15.57
231,Tutoia,BR,2022-07-13 22:02:24,-2.7619,-42.2744,79.39,82,59,9.8
232,Amboasary,MG,2022-07-13 22:02:25,-25.0333,46.3833,62.83,89,0,4.34
233,Charters Towers,AU,2022-07-13 22:02:25,-20.1,146.2667,48.16,61,1,11.52
234,Sherbakul,RU,2022-07-13 22:02:25,54.6316,72.3963,60.71,87,22,5.19
235,Alice Springs,AU,2022-07-13 22:02:26,-23.7,133.8833,27.95,86,0,2.3
236,Moerai,PF,2022-07-13 22:02:26,-22.4333,-151.3333,71.56,60,25,15.97
237,Sao Filipe,CV,2022-07-13 22:02:26,14.8961,-24.4956,75.06,79,47,11.72
238,Taoudenni,ML,2022-07-13 21:59:45,22.6783,-3.9836,105.04,11,64,3.96
239,Soria,ES,2022-07-13 22:02:27,41.6667,-2.6667,70.11,45,71,5.61
240,Katsuura,JP,2022-07-13 22:02:27,35.1333,140.3,75.16,92,100,9.84
241,Bathsheba,BB,2022-07-13 22:02:27,13.2167,-59.5167,82.06,79,5,17.0
242,Barcelona,ES,2022-07-13 22:02:27,41.3888,2.159,81.82,83,0,2.3
243,Bima,ID,2022-07-13 22:02:28,-8.4667,118.7167,71.98,89,90,5.14
244,Ulaangom,MN,2022-07-13 22:02:28,49.9811,92.0667,53.58,54,13,4.83
245,Gorele,TR,2022-07-13 22:02:28,41.0308,39.0031,69.21,81,77,6.82
246,Arlit,NE,2022-07-13 22:02:29,18.7369,7.3853,96.89,15,85,18.01
247,Necochea,AR,2022-07-13 22:02:29,-38.5473,-58.7368,49.57,57,70,6.11
248,Tartagal,AR,2022-07-13 22:02:29,-22.5164,-63.8013,63.79,51,51,2.26
249,Leander,US,2022-07-13 21:58:04,30.5788,-97.8531,107.35,30,0,10.36
250,De-Kastri,RU,2022-07-13 22:02:29,51.4667,140.7833,61.25,96,100,4.47
251,Ucluelet,CA,2022-07-13 22:01:58,48.9329,-125.5528,64.09,82,23,5.01
252,San,ML,2022-07-13 22:02:30,13.3034,-4.8956,88.43,46,94,3.91
253,Goundi,TD,2022-07-13 22:02:30,9.3627,17.366,70.32,88,97,2.86
254,Yaan,NG,2022-07-13 22:02:31,7.3833,8.5667,72.9,94,85,5.19
255,Miraflores,MX,2022-07-13 22:02:31,19.2167,-98.8083,66.4,66,99,3.4
256,Puqi,CN,2022-07-13 22:02:31,29.7167,113.8833,80.67,78,100,4.41
257,Lewistown,US,2022-07-13 22:02:31,40.5992,-77.5714,85.6,100,75,7.18
258,Chivacoa,VE,2022-07-13 22:00:12,10.1603,-68.895,78.89,81,79,3.18
259,Aklavik,CA,2022-07-13 22:02:32,68.2191,-135.0107,48.2,87,100,16.11
260,Kawalu,ID,2022-07-13 22:02:32,-7.3817,108.2082,70.93,98,94,0.98
261,Kochubey,RU,2022-07-13 22:02:32,44.3861,46.5825,77.45,52,0,6.29
262,Port Hedland,AU,2022-07-13 22:02:33,-20.3167,118.5667,51.85,62,25,8.05
263,Camacha,PT,2022-07-13 22:02:33,33.0833,-16.3333,65.62,73,20,2.3
264,Iqaluit,CA,2022-07-13 22:02:33,63.7506,-68.5145,39.6,86,92,8.3
265,Nakusp,CA,2022-07-13 22:02:34,50.2499,-117.8023,84.47,32,52,6.89
266,Kabo,CF,2022-07-13 22:02:34,7.6994,18.629,69.21,96,100,2.19
267,Kangavar,IR,2022-07-13 22:02:34,34.5043,47.9653,77.09,17,4,3.74
268,The Valley,AI,2022-07-13 22:02:34,18.217,-63.0578,83.82,74,79,20.02
269,Moroleon,MX,2022-07-13 22:02:35,20.1333,-101.2,79.56,36,100,2.75
270,Lavumisa,SZ,2022-07-13 22:02:35,-27.31,31.892,60.69,63,0,2.55
271,Gat,IL,2022-07-13 22:00:03,31.61,34.7642,77.68,100,11,2.53
272,Kyrylivka,UA,2022-07-13 22:02:36,46.3759,35.3675,71.04,57,20,17.31
273,Sur,OM,2022-07-13 22:02:36,22.5667,59.5289,90.91,60,97,4.36
274,Liverpool,GB,2022-07-13 22:01:24,53.4106,-2.9779,60.75,69,0,3.44
275,Lerwick,GB,2022-07-13 22:03:36,60.1545,-1.1494,51.8,89,100,16.87
276,Ahipara,NZ,2022-07-13 22:03:36,-35.1667,173.1667,55.31,96,100,4.21
277,Dakar,SN,2022-07-13 22:03:37,14.6937,-17.4441,77.88,78,93,11.88
278,Hamilton,US,2022-07-13 21:59:14,39.1834,-84.5333,88.95,45,7,5.01
279,Esperance,AU,2022-07-13 22:00:14,-33.8667,121.9,59.52,44,62,23.22
280,Haines Junction,CA,2022-07-13 22:03:37,60.7522,-137.5108,59.92,59,99,7.11
281,Mount Isa,AU,2022-07-13 22:00:35,-20.7333,139.5,49.77,57,0,11.5
282,Gadarwara,IN,2022-07-13 22:03:38,22.9167,78.7833,75.88,95,97,6.62
283,Port Elizabeth,ZA,2022-07-13 22:03:38,-33.918,25.5701,59.31,66,0,7.0
284,Sao Joao Da Ponte,BR,2022-07-13 22:03:38,-15.9292,-44.0078,71.94,40,62,2.19
285,Asau,RO,2022-07-13 22:03:39,46.4333,26.4,65.32,58,24,7.11
286,Lavrentiya,RU,2022-07-13 22:03:39,65.5833,-171.0,52.25,71,71,9.24
287,Bambous Virieux,MU,2022-07-13 22:03:39,-20.3428,57.7575,66.45,94,75,14.97
288,Chernyshevskiy,RU,2022-07-13 22:03:39,63.0128,112.4714,51.91,65,99,4.41
289,Acarau,BR,2022-07-13 22:01:09,-2.8856,-40.12,79.47,81,65,17.9
290,Saquarema,BR,2022-07-13 22:03:40,-22.92,-42.5103,69.04,91,94,8.39
291,Chenzhou,CN,2022-07-13 22:03:40,25.8,113.0333,76.24,86,66,4.52
292,Bayir,TR,2022-07-13 22:03:40,37.2687,28.2167,70.32,50,0,5.93
293,Santa Rosalia,MX,2022-07-13 22:03:41,27.3167,-112.2833,88.03,58,0,6.31
294,Port Blair,IN,2022-07-13 21:58:54,11.6667,92.75,82.44,78,75,9.22
295,Hun,LY,2022-07-13 22:03:41,29.1268,15.9477,76.64,46,0,13.13
296,Hambantota,LK,2022-07-13 22:03:41,6.1241,81.1185,79.14,94,20,10.36
297,Rongcheng,CN,2022-07-13 22:03:42,30.634,117.8517,81.64,79,100,3.36
298,Provideniya,RU,2022-07-13 22:03:42,64.3833,-173.3,51.91,82,100,11.18
299,Teyateyaneng,LS,2022-07-13 22:03:42,-29.1472,27.7489,42.42,44,0,3.27
300,Amapa,BR,2022-07-13 22:03:43,1.0,-52.0,73.31,97,99,2.86
301,Chokurdakh,RU,2022-07-13 22:03:43,70.6333,147.9167,46.4,64,58,11.41
302,Mumbwa,ZM,2022-07-13 22:03:43,-14.9783,27.0619,58.82,62,87,4.54
303,Buin,CL,2022-07-13 22:03:43,-33.7333,-70.75,53.74,73,100,1.12
304,Haapiti,PF,2022-07-13 22:03:44,-17.5667,-149.8667,80.33,68,8,16.44
305,Adre,TD,2022-07-13 22:03:44,13.4667,22.2,71.1,94,99,9.48
306,The Pas,CA,2022-07-13 22:03:44,53.8251,-101.2541,82.63,43,0,13.27
307,Kimbe,PG,2022-07-13 22:03:45,-5.5502,150.1429,81.07,74,41,4.27
308,Georgetown,MY,2022-07-13 22:02:36,5.4112,100.3354,80.53,89,20,3.44
309,Yelizovo,RU,2022-07-13 22:03:45,53.1873,158.3805,62.74,88,75,2.24
310,Santa Maria,BR,2022-07-13 22:03:45,-29.6842,-53.8069,49.46,91,0,7.47
311,Presidencia Roque Saenz Pena,AR,2022-07-13 22:03:45,-26.7852,-60.4388,56.91,57,69,6.31
312,Kabelvag,NO,2022-07-13 22:03:46,68.2114,14.4817,56.53,76,0,3.44
313,Bonavista,CA,2022-07-13 22:03:42,48.6499,-53.1147,61.38,79,98,20.56
314,Bandar-E Anzali,IR,2022-07-13 22:03:46,37.4727,49.4622,77.79,72,0,2.3
315,Veraval,IN,2022-07-13 22:03:46,20.9,70.3667,80.51,90,100,17.02
316,Kalmunai,LK,2022-07-13 22:03:47,7.4167,81.8167,77.9,66,17,5.59
317,Rio Gallegos,AR,2022-07-13 22:01:38,-51.6226,-69.2181,37.15,90,100,14.12
318,Muli,MV,2022-07-13 22:03:47,2.9167,73.5667,83.03,73,95,13.65
319,Abalak,RU,2022-07-13 22:03:47,58.1286,68.5944,62.51,95,15,2.51
320,Flinders,AU,2022-07-13 22:04:48,-34.5833,150.8552,52.25,73,81,11.01
321,Portland,US,2022-07-13 22:02:05,45.5234,-122.6762,82.87,49,0,6.91
322,Jacmel,HT,2022-07-13 22:04:48,18.2342,-72.5347,89.44,67,5,2.77
323,Coro,VE,2022-07-13 22:04:48,11.4045,-69.6734,83.08,68,32,20.07
324,Ilula,TZ,2022-07-13 22:04:49,-7.6766,36.0366,56.39,74,4,5.06
325,Bengkulu,ID,2022-07-13 22:04:49,-3.8004,102.2655,76.21,90,100,3.4
326,Pietrari,RO,2022-07-13 22:04:49,45.1,24.1333,57.63,54,0,5.08
327,Sao Joao Da Barra,BR,2022-07-13 22:04:49,-21.6403,-41.0511,70.14,93,22,10.38
328,Saint Anthony,US,2022-07-13 22:04:50,45.0205,-93.218,80.85,58,0,11.5
329,Saint-Joseph,RE,2022-07-13 22:03:43,-21.3667,55.6167,64.78,73,23,10.63
330,Turbat,PK,2022-07-13 22:04:50,26.0023,63.044,87.31,73,100,2.17
331,Zhezkazgan,KZ,2022-07-13 22:04:50,47.8043,67.7144,73.18,41,1,9.17
332,Nelson Bay,AU,2022-07-13 22:04:51,-32.7167,152.15,53.11,92,100,15.01
333,Anadyr,RU,2022-07-13 22:04:51,64.75,177.4833,55.9,87,75,2.24
334,Baruun-Urt,MN,2022-07-13 22:04:51,46.6806,113.2792,61.81,56,2,4.81
335,Mitu,CO,2022-07-13 22:04:52,1.1983,-70.1733,75.97,90,89,2.06
336,Santo Estevao,BR,2022-07-13 22:04:52,-12.4303,-39.2514,65.25,85,4,5.48
337,Labuhan,ID,2022-07-13 22:04:52,-6.8844,112.2051,76.28,89,100,4.25
338,Tautira,PF,2022-07-13 22:04:52,-17.7333,-149.15,76.69,72,48,15.19
339,Lugovoy,KZ,2022-07-13 22:04:53,42.9472,72.7644,66.2,49,0,5.26
340,Chara,RU,2022-07-13 22:04:53,56.9064,118.2631,62.55,73,12,2.46
341,West Wendover,US,2022-07-13 22:03:12,40.7391,-114.0733,87.01,33,40,12.66
342,Port Hawkesbury,CA,2022-07-13 22:04:53,45.6169,-61.3485,77.63,85,75,3.44
343,Puri,IN,2022-07-13 22:04:54,19.8,85.85,79.32,89,100,12.5
344,Scarborough,GB,2022-07-13 22:02:16,54.2797,-0.4044,58.57,75,52,5.3
345,Hjelset,NO,2022-07-13 22:04:54,62.7833,7.4833,50.97,87,75,16.11
346,Yagoua,CM,2022-07-13 22:04:54,10.3411,15.2329,74.79,82,100,4.72
347,Altay,CN,2022-07-13 22:04:55,47.8667,88.1167,55.06,65,1,2.53
348,Souillac,MU,2022-07-13 22:04:55,-20.5167,57.5167,66.58,94,75,14.97
349,La Ronge,CA,2022-07-13 22:04:55,55.1001,-105.2842,82.94,33,1,17.16
350,Mbandaka,CD,2022-07-13 22:04:56,0.0487,18.2603,74.98,65,79,2.75
351,Rizhao,CN,2022-07-13 22:00:27,35.4275,119.4553,77.07,94,48,1.99
352,Calvinia,ZA,2022-07-13 22:04:56,-31.4707,19.776,43.9,68,0,5.64
353,Petropavlovsk-Kamchatskiy,RU,2022-07-13 22:04:56,53.0452,158.6483,61.39,88,75,2.24
354,Iberia,US,2022-07-13 22:04:57,29.9502,-91.7507,89.96,66,20,10.36
355,Griffith,US,2022-07-13 22:04:57,41.5284,-87.4237,81.3,69,0,11.5
356,Luwuk,ID,2022-07-13 22:04:57,-0.9516,122.7875,75.96,93,99,4.47
357,Yenagoa,NG,2022-07-13 22:02:03,4.9247,6.2642,74.05,94,99,4.0
358,Belaya Gora,RU,2022-07-13 22:00:58,68.5333,146.4167,54.91,68,50,9.28
359,Cabras,IT,2022-07-13 22:04:58,39.93,8.5314,77.86,82,1,6.76
360,Viedma,AR,2022-07-13 22:04:58,-40.8135,-62.9967,47.41,40,100,6.17
361,Pakenham,AU,2022-07-13 22:04:58,-38.0667,145.4833,49.19,95,99,1.03
362,Acajutla,SV,2022-07-13 22:04:59,13.5928,-89.8275,84.27,72,94,4.5
363,Sri Aman,MY,2022-07-13 22:04:59,1.2376,111.4621,73.8,98,100,2.57
364,Izvoarele,RO,2022-07-13 22:04:59,45.0333,25.2667,64.04,99,0,5.1
365,Yar-Sale,RU,2022-07-13 22:04:59,66.8333,70.8333,51.01,80,100,9.06
366,Camargo,MX,2022-07-13 22:06:00,27.6667,-105.1667,90.45,26,88,11.59
367,El Tigre,VE,2022-07-13 22:06:00,8.8875,-64.2454,83.1,58,82,11.9
368,Nanortalik,GL,2022-07-13 22:06:00,60.1432,-45.2371,44.67,81,100,2.33
369,Tonekabon,IR,2022-07-13 22:06:01,36.8163,50.8738,80.62,63,0,2.44
370,Sitka,US,2022-07-13 22:05:38,57.0531,-135.33,57.09,82,100,8.05
371,Kermen,BG,2022-07-13 22:06:01,42.5,26.25,64.22,45,40,4.61
372,Ancud,CL,2022-07-13 22:06:01,-41.8697,-73.8203,41.23,83,88,8.34
373,Hornepayne,CA,2022-07-13 22:06:02,49.2138,-84.7705,69.46,33,8,7.25
374,Kabansk,RU,2022-07-13 22:06:02,52.0486,106.6528,55.98,91,48,2.37
375,Moron,AR,2022-07-13 22:06:02,-34.6534,-58.6198,55.15,73,99,7.31
376,Saint-Pierre,RE,2022-07-13 22:06:03,-21.3393,55.4781,65.88,77,40,9.22
377,Vacaria,BR,2022-07-13 22:03:06,-28.5122,-50.9339,46.67,80,0,10.51
378,Port Hardy,CA,2022-07-13 22:06:03,50.6996,-127.4199,59.72,75,58,8.01
379,Vestmannaeyjar,IS,2022-07-13 22:06:04,63.4427,-20.2734,49.59,81,100,12.08
380,Liuzhou,CN,2022-07-13 22:05:06,24.3126,109.3892,78.4,85,2,2.62
381,Jaciara,BR,2022-07-13 22:01:23,-15.9653,-54.9683,78.69,32,74,4.16
382,Komatipoort,ZA,2022-07-13 22:06:04,-25.4332,31.9548,64.04,57,2,4.14
383,Abu Samrah,SY,2022-07-13 22:06:04,35.3029,37.1841,74.57,62,0,8.9
384,Atar,MR,2022-07-13 22:06:05,20.5169,-13.0499,97.47,24,49,10.74
385,Valparaiso,CL,2022-07-13 22:06:05,-33.0393,-71.6273,55.04,91,100,20.71
386,Tabou,CI,2022-07-13 22:06:05,4.423,-7.3528,75.9,81,99,10.54
387,Isla Mujeres,MX,2022-07-13 22:06:06,21.2311,-86.731,86.16,73,100,9.48
388,Bolshevik,BY,2022-07-13 22:06:06,54.0065,27.5692,56.82,95,100,5.86
389,Ariquemes,BR,2022-07-13 22:06:06,-9.9133,-63.0408,83.05,44,52,0.69
390,Peniche,PT,2022-07-13 22:02:09,39.3558,-9.3811,83.08,71,78,1.3
391,Muroto,JP,2022-07-13 22:06:07,33.2833,134.15,78.73,82,100,8.75
392,Fukuma,JP,2022-07-13 22:01:17,33.7667,130.4667,84.2,84,87,7.65
393,Sechura,PE,2022-07-13 22:06:07,-5.5569,-80.8222,72.46,59,22,17.45
394,Tiznit,MA,2022-07-13 22:06:07,29.5833,-9.5,73.72,58,53,2.86
395,Teya,RU,2022-07-13 22:06:08,60.3778,92.6267,47.68,81,98,1.92
396,Itarare,BR,2022-07-13 22:02:35,-24.1125,-49.3317,55.74,90,76,8.55
397,Tiksi,RU,2022-07-13 22:06:08,71.6872,128.8694,36.79,95,100,5.66
398,Sabang,ID,2022-07-13 22:06:08,5.8933,95.3214,82.11,79,100,16.22
399,Port Keats,AU,2022-07-13 22:04:55,-14.25,129.55,56.5,38,8,10.33
400,Talnakh,RU,2022-07-13 22:06:09,69.4865,88.3972,49.21,60,43,2.95
401,Roald,NO,2022-07-13 22:06:09,62.5833,6.1333,56.16,82,100,10.36
402,Saldanha,ZA,2022-07-13 22:06:09,-33.0117,17.9442,57.29,90,100,11.32
403,Houma,US,2022-07-13 22:06:10,29.5958,-90.7195,89.01,71,0,11.5
404,Blagoyevo,RU,2022-07-13 22:06:10,63.3667,47.9167,64.67,90,96,2.44
405,Ostrovnoy,RU,2022-07-13 22:06:10,68.0531,39.5131,61.95,91,72,8.86
406,Kavaratti,IN,2022-07-13 22:06:11,10.5669,72.642,81.12,81,100,21.74
407,Atasu,KZ,2022-07-13 22:06:11,48.6814,71.6433,67.23,49,7,7.29
408,Wad Rawah,SD,2022-07-13 22:06:11,15.1603,33.1397,88.48,46,100,7.25
409,Inverness,GB,2022-07-13 22:02:14,57.4791,-4.224,55.31,75,20,8.05
410,Williamsport,US,2022-07-13 22:07:12,41.2412,-77.0011,89.62,27,20,9.22
411,Freeport,US,2022-07-13 22:07:12,40.6576,-73.5832,90.32,53,0,14.97
412,Te Anau,NZ,2022-07-13 22:07:12,-45.4167,167.7167,40.17,95,100,1.1
413,Pangnirtung,CA,2022-07-13 22:07:12,66.1451,-65.7125,47.86,80,97,3.89
414,Santiago,CL,2022-07-13 22:07:13,-33.4569,-70.6483,52.86,69,100,6.91
415,Belfast,GB,2022-07-13 22:06:03,54.5833,-5.9333,57.79,88,75,11.5
416,Loandjili,CG,2022-07-13 22:07:13,-4.7561,11.8578,70.07,86,6,6.02
417,Denpasar,ID,2022-07-13 22:03:52,-8.65,115.2167,76.71,88,40,14.97
418,Terre-De-Bas,GP,2022-07-13 22:07:13,15.8501,-61.6442,80.11,74,87,18.25
419,Semey,KZ,2022-07-13 22:07:14,50.4111,80.2275,61.34,49,70,7.78
420,Marsabit,KE,2022-07-13 22:07:14,2.3284,37.9899,65.77,58,100,22.7
421,Joshimath,IN,2022-07-13 22:07:14,30.5667,79.5667,69.6,95,100,1.63
422,Shakhtinsk,KZ,2022-07-13 22:07:15,49.71,72.5872,62.74,45,2,5.32
423,Kampong Cham,KH,2022-07-13 22:07:15,11.9934,105.4635,73.76,94,100,5.44
424,Arak,IR,2022-07-13 22:07:15,34.0917,49.6892,73.8,17,0,3.87
425,Tual,ID,2022-07-13 22:07:16,-5.6667,132.75,79.16,81,87,26.02
426,Port-Gentil,GA,2022-07-13 22:07:16,-0.7193,8.7815,75.16,83,20,11.5
427,Sakaiminato,JP,2022-07-13 22:07:16,35.55,133.2333,73.33,92,100,1.92
428,Oster,UA,2022-07-13 22:07:17,50.9506,30.8823,56.14,95,92,13.8
429,Rozsypne,UA,2022-07-13 22:07:17,48.1497,38.5762,60.46,48,50,7.14
430,Carauari,BR,2022-07-13 22:07:17,-4.8828,-66.8958,81.23,69,84,2.1
431,Westport,US,2022-07-13 22:07:17,41.1415,-73.3579,90.01,52,0,8.05
432,Chuy,UY,2022-07-13 22:07:18,-33.6971,-53.4616,45.28,83,4,7.07
433,Bagdarin,RU,2022-07-13 22:07:18,54.4333,113.6,57.36,84,0,1.25
434,Mandalgovi,MN,2022-07-13 22:07:18,45.7625,106.2708,64.89,43,98,6.62
435,Mapimi,MX,2022-07-13 22:07:19,25.8167,-103.85,93.02,20,36,17.52
436,Nyzhni Sirohozy,UA,2022-07-13 22:07:19,46.8484,34.3804,64.92,56,83,7.61
437,Ixtapa,MX,2022-07-13 22:02:58,20.7,-105.2,86.23,76,95,3.0
438,Hudson Bay,CA,2022-07-13 22:07:19,52.85,-102.3842,82.94,47,23,11.99
439,Qui Nhon,VN,2022-07-13 22:07:20,13.7667,109.2333,77.56,86,100,4.5
440,Berbera,SO,2022-07-13 22:07:20,10.4396,45.0143,90.48,49,98,10.02
441,Marzuq,YE,2022-07-13 22:07:20,14.4,46.4667,78.06,55,95,1.45
442,Teguise,ES,2022-07-13 22:07:20,29.0605,-13.564,68.22,73,0,12.66
443,Yarmouth,US,2022-07-13 22:07:21,41.7057,-70.2286,84.61,67,0,6.91
444,Jabinyanah,TN,2022-07-13 22:07:21,35.035,10.9081,79.66,61,0,9.01
445,Karratha,AU,2022-07-13 22:07:21,-20.7377,116.8463,63.27,52,26,11.03
446,Shirgaon,IN,2022-07-13 22:07:22,19.7,72.7,78.73,93,100,20.27
447,Melito Di Porto Salvo,IT,2022-07-13 22:07:22,37.9222,15.7714,76.78,64,0,2.3
448,Fenoarivo,MG,2022-07-13 22:07:23,-18.933,47.4354,55.47,82,75,11.5
449,Narathiwat,TH,2022-07-13 22:07:23,6.3333,101.75,75.88,84,100,4.99
450,Sao Raimundo Das Mangabeiras,BR,2022-07-13 22:07:23,-7.0219,-45.4811,83.48,34,24,4.88
451,Kudahuvadhoo,MV,2022-07-13 22:07:23,2.6708,72.8944,82.85,73,98,11.61
452,Halifax,CA,2022-07-13 22:06:01,44.6453,-63.5724,79.7,77,69,10.0
453,Siverek,TR,2022-07-13 22:07:24,37.755,39.3167,82.85,22,0,5.68
454,Wadena,US,2022-07-13 22:07:24,46.4425,-95.1361,74.95,56,40,4.61
455,Tselinnoye,RU,2022-07-13 22:07:24,53.0833,85.6667,54.14,60,100,4.41
456,Nicoya,CR,2022-07-13 22:07:25,10.1483,-85.452,79.75,84,100,1.57
457,Saquena,PE,2022-07-13 22:07:25,-4.6667,-73.5167,79.66,79,99,2.8
458,Upington,ZA,2022-07-13 22:08:25,-28.4478,21.2561,57.54,35,0,8.52
459,Dali,CN,2022-07-13 22:08:26,25.7,100.1833,63.61,89,12,2.89
460,Den Helder,NL,2022-07-13 22:08:26,52.9599,4.7593,60.78,81,100,5.01
461,Albenga,IT,2022-07-13 22:08:26,44.0529,8.216,80.19,70,48,5.01
462,Henties Bay,NA,2022-07-13 22:08:27,-22.116,14.2845,55.85,89,0,8.84
463,Mareeba,AU,2022-07-13 22:08:27,-17.0,145.4333,54.45,56,4,1.97
464,Akyab,MM,2022-07-13 22:08:27,20.15,92.9,80.11,88,100,15.19
465,Trairi,BR,2022-07-13 22:07:00,-3.2778,-39.2689,78.69,80,60,11.88
466,Eirunepe,BR,2022-07-13 22:08:27,-6.6603,-69.8736,81.77,66,96,2.73
467,Leshukonskoye,RU,2022-07-13 22:08:28,64.8989,45.7622,64.76,83,77,4.0
468,Borger,NL,2022-07-13 22:04:36,52.9233,6.7931,60.87,83,95,5.93
469,Villazon,BO,2022-07-13 22:08:28,-22.0866,-65.5942,47.82,5,23,13.02
470,Ilulissat,GL,2022-07-13 22:08:29,69.2167,-51.1,48.22,71,75,4.61
471,Bodmin,GB,2022-07-13 22:08:29,50.4715,-4.7243,60.51,77,100,10.36
472,Poum,NC,2022-07-13 22:08:29,-20.2333,164.0167,73.44,67,97,16.17
473,Muros,ES,2022-07-13 22:08:30,42.7762,-9.0603,73.83,68,97,6.85
474,Lapua,FI,2022-07-13 22:08:30,62.9693,23.0088,64.35,97,100,6.85
475,Belogorsk,RU,2022-07-13 22:08:30,50.9158,128.4611,70.27,83,78,7.81
476,Sulangan,PH,2022-07-13 22:08:30,11.1373,123.7228,83.07,76,82,5.88
477,Vila Velha,BR,2022-07-13 22:05:34,-20.3297,-40.2925,73.35,89,75,11.01
478,Warmbad,NA,2022-07-13 22:08:31,-28.45,18.7333,54.36,34,0,7.18
479,Port Macquarie,AU,2022-07-13 22:08:31,-31.4333,152.9167,51.06,90,64,18.28
480,Akdepe,TM,2022-07-13 22:08:32,42.0551,59.3788,83.46,26,0,9.82
481,Honningsvag,NO,2022-07-13 22:08:32,70.9821,25.9704,56.95,94,75,0.0
482,Bud,US,2022-07-13 22:08:32,39.447,-86.1758,89.58,50,1,7.94
483,Pombas,CV,2022-07-13 22:08:32,17.1503,-25.0201,72.32,78,43,10.67
484,Cabo San Lucas,MX,2022-07-13 22:03:58,22.8909,-109.9124,95.61,45,0,5.75
485,Tumut,AU,2022-07-13 22:08:33,-35.3,148.2167,35.58,81,2,3.27
486,Omsukchan,RU,2022-07-13 22:08:33,62.5333,155.8,76.84,49,0,17.2
487,Kayankulam,IN,2022-07-13 22:08:33,9.1833,76.5,77.97,84,100,13.35
488,San Vicente,AR,2022-07-13 22:08:34,-26.6167,-54.1333,53.89,79,0,3.13
489,Yairipok,IN,2022-07-13 22:08:34,24.6667,94.0667,69.71,93,0,1.39
490,San Ramon,US,2022-07-13 22:06:27,37.7799,-121.978,88.65,51,0,14.97
491,Turan,VN,2022-07-13 22:08:35,16.0678,108.2208,78.78,89,40,0.0
492,Lumberton,US,2022-07-13 22:08:35,34.6182,-79.0086,82.71,54,99,11.34
493,Khani,GE,2022-07-13 22:08:35,41.9563,42.9566,60.37,98,97,1.23
494,Isangel,VU,2022-07-13 22:08:36,-19.55,169.2667,79.39,83,6,15.73
495,Ayagoz,KZ,2022-07-13 22:08:36,47.9714,80.4392,57.78,46,79,9.28
496,Ozernovskiy,RU,2022-07-13 22:08:36,51.5,156.5167,52.66,98,100,3.15
497,Krasnystaw,PL,2022-07-13 22:08:37,50.9846,23.1742,68.2,91,99,7.47
498,Mikropolis,GR,2022-07-13 22:08:37,41.1935,23.8157,66.29,49,6,6.31
499,Labrea,BR,2022-07-13 22:08:37,-7.2586,-64.7981,84.47,57,71,1.36
500,Yantai,CN,2022-07-13 22:09:18,37.5333,121.4,73.83,88,0,3.42
501,Tuatapere,NZ,2022-07-13 22:09:37,-46.1333,167.6833,43.75,87,82,3.94
502,Sisimiut,GL,2022-07-13 22:09:38,66.9395,-53.6735,45.84,81,62,6.67
503,Sao Jose Da Coroa Grande,BR,2022-07-13 22:09:38,-8.8978,-35.1478,75.63,80,43,9.78
504,Manokwari,ID,2022-07-13 22:09:38,-0.8667,134.0833,77.95,79,84,3.18
505,Antofagasta,CL,2022-07-13 22:06:04,-23.65,-70.4,60.08,76,73,4.47
506,Esfahan,IR,2022-07-13 22:09:39,32.6572,51.6776,62.24,13,0,3.22
507,Richmond,US,2022-07-13 22:06:40,37.5538,-77.4603,87.3,69,100,11.5
508,Srednekolymsk,RU,2022-07-13 22:09:39,67.45,153.6833,60.24,49,100,13.87
509,Tosya,TR,2022-07-13 22:09:39,41.0155,34.0401,60.26,90,45,4.03
510,San Rafael,AR,2022-07-13 22:09:40,-34.6177,-68.3301,48.31,38,5,3.76
511,Rumoi,JP,2022-07-13 22:09:40,43.9344,141.6428,69.98,92,98,6.33
512,Vallenar,CL,2022-07-13 22:09:40,-28.5708,-70.7581,54.7,74,3,8.84
513,Ninghai,CN,2022-07-13 22:09:40,29.2892,121.4247,79.59,83,100,2.46
514,Ciudad Bolivar,VE,2022-07-13 22:09:41,8.1222,-63.5497,84.04,64,97,8.32
515,Kununurra,AU,2022-07-13 22:09:41,-15.7667,128.7333,55.38,41,4,8.05
516,Jalu,LY,2022-07-13 22:09:41,29.0331,21.5482,80.92,44,0,15.97
517,Skjervoy,NO,2022-07-13 22:06:10,70.0311,20.9714,57.2,91,100,4.85
518,Tagusao,PH,2022-07-13 22:09:42,9.1924,117.8141,78.87,86,69,7.58
519,Menongue,AO,2022-07-13 22:09:42,-14.6585,17.691,52.25,50,0,4.97
520,Coahuayana,MX,2022-07-13 22:09:42,18.7333,-103.6833,88.05,65,91,6.76
521,Ous,RU,2022-07-13 22:09:43,60.9058,61.5186,67.41,73,49,3.58
522,Abu Kamal,SY,2022-07-13 22:09:43,34.4506,40.9171,89.01,22,1,13.06
523,Thiruvananthapuram,IN,2022-07-13 22:09:43,8.4833,76.9167,78.78,89,40,3.44
524,Eyrarbakki,IS,2022-07-13 22:09:44,63.863,-21.1481,50.2,83,100,10.09
525,Moses Lake,US,2022-07-13 22:09:44,47.1301,-119.2781,92.88,21,0,10.36
526,Karasjok,NO,2022-07-13 22:09:44,69.4719,25.5112,60.17,98,100,3.56
527,Adrar,MR,2022-07-13 22:09:45,20.5022,-10.0711,99.61,18,25,6.44
528,Vangaindrano,MG,2022-07-13 22:09:45,-23.35,47.6,64.89,91,67,5.21
529,Santa Cruz De Tenerife,ES,2022-07-13 22:09:26,28.4682,-16.2546,71.91,83,20,17.27
530,Carson City,US,2022-07-13 22:06:16,39.1638,-119.7674,98.19,19,0,18.41
531,Goundam,ML,2022-07-13 22:09:45,16.4145,-3.6708,94.01,35,89,14.99
532,Pella,RU,2022-07-13 22:09:46,59.7775,30.8181,67.96,69,49,4.34
533,Celestun,MX,2022-07-13 22:09:46,20.8667,-90.4,85.6,71,100,16.58
534,Honghu,CN,2022-07-13 22:09:46,29.8206,113.4621,81.3,75,100,5.93
535,Fukagawa,JP,2022-07-13 22:09:46,43.7081,142.0392,69.87,92,98,2.55
536,Ylojarvi,FI,2022-07-13 22:09:47,61.5563,23.5961,62.78,96,40,9.22
537,Terrace,CA,2022-07-13 22:09:47,54.5163,-128.6035,53.51,98,100,2.68
538,Keti Bandar,PK,2022-07-13 22:09:47,24.1447,67.4497,83.88,89,64,7.7
539,Maningrida,AU,2022-07-13 22:09:48,-12.0667,134.2667,56.68,67,49,13.22
540,San Cristobal,VE,2022-07-13 22:09:48,7.7669,-72.225,78.98,53,51,4.61
541,Ulladulla,AU,2022-07-13 22:09:48,-35.35,150.4667,52.7,66,67,18.07
542,Cayenne,GF,2022-07-13 22:09:48,4.9333,-52.3333,78.84,89,0,0.0
543,Izumo,JP,2022-07-13 22:09:16,35.3667,132.7667,73.29,94,75,5.75
544,Namibe,AO,2022-07-13 22:09:49,-15.1961,12.1522,62.92,89,12,1.05
545,Arauco,CL,2022-07-13 22:09:49,-37.2463,-73.3175,42.78,93,100,3.24
546,Karakol,KG,2022-07-13 22:09:49,42.4907,78.3936,52.2,64,21,3.62
547,Brae,GB,2022-07-13 22:10:50,60.3964,-1.353,51.39,91,100,9.75
548,Tamsweg,AT,2022-07-13 22:10:50,47.1281,13.811,65.59,53,89,2.35
549,Naze,JP,2022-07-13 22:10:50,28.3667,129.4833,79.72,86,99,9.44
550,Ordu,TR,2022-07-13 22:10:51,40.9086,37.6845,61.3,88,51,3.36
551,Bobo Dioulasso,BF,2022-07-13 22:10:51,11.1771,-4.2979,80.29,60,80,5.55
552,Soldotna,US,2022-07-13 22:10:51,60.4878,-151.0583,64.96,76,100,18.41
